{
  "home": {
    "average_frame_build_time_millis": 24.325,
    "90th_percentile_frame_build_time_millis": 12.992,
    "99th_percentile_frame_build_time_millis": 562.037,
    "worst_frame_build_time_millis": 1040.949,
    "missed_frame_build_budget_count": 32,
    "average_frame_rasterizer_time_millis": 12.376,
    "90th_percentile_frame_rasterizer_time_millis": 16.419,
    "99th_percentile_frame_rasterizer_time_millis": 37.274,
    "worst_frame_rasterizer_time_millis": 183.818,
    "average_layer_cache_count": 0.009009009009009009,
    "90th_percentile_layer_cache_count": 0,
    "99th_percentile_layer_cache_count": 0,
    "worst_layer_cache_count": 1,
    "average_layer_cache_memory": 0.00011560938379786037,
    "90th_percentile_layer_cache_memory": 0.0,
    "99th_percentile_layer_cache_memory": 0.0,
    "worst_layer_cache_memory": 0.0128326416015625,
    "average_picture_cache_count": 10.018018018018019,
    "90th_percentile_picture_cache_count": 12,
    "99th_percentile_picture_cache_count": 12,
    "worst_picture_cache_count": 12,
    "average_picture_cache_memory": 6.746347994417758,
    "90th_percentile_picture_cache_memory": 8.023193359375,
    "99th_percentile_picture_cache_memory": 8.023193359375,
    "worst_picture_cache_memory": 8.023193359375,
    "missed_frame_rasterizer_budget_count": 44,
    "frame_count": 333,
    "frame_build_times": [
      2870,
      2262,
      2209,
      1830,
      1818,
      1358,
      1628,
      1300,
      2114,
      1622,
      1596,
      1622,
      2139,
      2122,
      2357,
      1318,
      1410,
      1874,
      2163,
      2352,
      1841,
      1984,
      1829,
      2228,
      2037,
      1992,
      2314,
      2128,
      2236,
      1947,
      2017,
      1829,
      2359,
      2361,
      2330,
      2484,
      2037,
      2448,
      2044,
      2026,
      2015,
      2000,
      2090,
      2060,
      2691,
      2539,
      2167,
      2432,
      2068,
      2061,
      2040,
      3127,
      2245,
      2366,
      2194,
      1996,
      2034,
      2104,
      2341,
      2027,
      2890,
      2018,
      2089,
      1805,
      1955,
      1798,
      1825,
      1943,
      2221,
      2784,
      2315,
      2131,
      2450,
      2190,
      1989,
      2109,
      2026,
      2026,
      2426,
      2110,
      2673,
      1980,
      1901,
      1762,
      2138,
      2453,
      2135,
      2542,
      2639,
      1957,
      2418,
      2437,
      2287,
      2272,
      2184,
      2137,
      2428,
      2050,
      2200,
      2170,
      1946,
      2488,
      1898,
      2001,
      1919,
      2015,
      2008,
      2017,
      1889,
      2765,
      1887,
      2304,
      1968,
      1765,
      2056,
      1966,
      1845,
      2066,
      2212,
      1812,
      1975,
      1954,
      2156,
      1899,
      2205,
      2003,
      2274,
      2671,
      2377,
      1979,
      2866,
      1828,
      2241,
      2459,
      2322,
      2066,
      2498,
      1974,
      1969,
      2071,
      2395,
      2387,
      2530,
      2939,
      2146,
      3529,
      2808,
      2929,
      1874,
      1975,
      2858,
      2196,
      1966,
      2110,
      2121,
      3037,
      2393,
      1522,
      2008,
      2444,
      2155,
      2694,
      1944,
      1673,
      2197,
      1917,
      2078,
      1924,
      2104,
      1783,
      1907,
      2750,
      2268,
      1825,
      1978,
      2428,
      1964,
      1956,
      1932,
      1849,
      2155,
      2613,
      2075,
      2349,
      2964,
      1865,
      2753,
      2289,
      1961,
      2227,
      1974,
      2057,
      1957,
      2014,
      2249,
      2214,
      2422,
      2472,
      1854,
      1928,
      2168,
      1847,
      2168,
      1798,
      1766,
      1759,
      1887,
      2141,
      1877,
      1961,
      1910,
      1772,
      2709,
      1761,
      2241,
      2114,
      2571,
      1865,
      1685,
      1535,
      2113,
      2423,
      2218,
      1640,
      1870,
      1808,
      1801,
      2888,
      1890,
      2614,
      2163,
      2259,
      2100,
      2334,
      2121,
      1676,
      1835,
      2197,
      2734,
      2049,
      1859,
      2173,
      1954,
      1917,
      1867,
      1775,
      1906,
      2142,
      2098,
      1827,
      1920,
      2121,
      243626,
      3036,
      81304,
      2270,
      22121,
      1074,
      24013,
      34110,
      44193,
      24375,
      21100,
      17795,
      11474,
      10056,
      11112,
      11148,
      164429,
      65028,
      168079,
      1889,
      1639,
      1916,
      2277,
      914586,
      13947,
      22205,
      300075,
      4061,
      3036,
      4541,
      3133,
      3132,
      3215,
      3625,
      2946,
      107850,
      4038,
      1183,
      1040949,
      26483,
      2091,
      1930,
      2248,
      199078,
      3474,
      231864,
      2490,
      115970,
      2666,
      8360,
      210772,
      835678,
      80756,
      1245,
      75577,
      1019,
      106551,
      1898,
      150268,
      3604,
      12992,
      562037,
      522106,
      9356,
      976,
      1147,
      1905,
      1728,
      1784,
      535848,
      53072,
      1848,
      1146,
      1470,
      1253,
      1011,
      1517,
      378460,
      5749,
      2082,
      1038
    ],